score,content
5,juda zor
5,Juda ishonchli va hfsiz tushunarli oson ilova
4,boʻladi
1,assalom aleykum. men. telegram. ochsam. kodi. kelmayabt telefon orqali. kodni aytmayapti keyin. esames. boʻbp. kelmayabpti boshqa. telegramni. ochishimga ruhsat bermayapti. sababi. nima
5,Juda zor
5,Браво
5,Bu eng zoʻr ilova.
5,yoqmadi
1,Kod kemayabdi ku dalbayoblar
5,ajoyib
3,zõr
1,menga unca yoqmadi sirli narsasi yo
5,Boshqa telegramlaga qaraganda shu zoʻrde
5,zõr emas
5,👍👍👍👍👍
5,õta zor
5,Zor ilova Maslahat beraman
5,Very good!
5,"faqat bittagina muammo bor ofline rejimda ovozli xabar yozgan edim yuborilmay qoldi endi qayta urinsam ham yuborilmayapti uni eshitib ham boʻlmayapti, qayta urinsa yuboriladigan qilinsa yaxshi boʻlar edi ilova zoʻr❤️"
5,bomaydi
1,judayam zoʻr telegram zoʻr
5,bu telegram yahshi
5,very good 😊😊
5,Zor qoyilmaqom ✊
1,Asalomu alekum yaxshmisiz menga esemes kod kelmayabdi ishlatolmayabman
3,raxmat kottakon
5,ZO‘R
5,zoʻr
5,Juda zur
1,yoqmadi
2,O‘zbekcha ochilsin telegram
5,zoʻr
5,zoʻr
2,zoʻr chiqibdi bravo TELEGRAM
5,foydslansa bo‘ladi
1,telegramda story qoʻyishi yopib qoʻygan premium sotvolsagina story qoʻyadigan qip qoʻydi odammi gʻashiga teydirib😒😏
5,telegram ochish kerak
5,men telegramimni yuklamoqchi boʻlobman ammo boʻlmayabdi
5,zoʻr
5,Zor
1,Faqat yangilanmoqda ulanmoda deyveradi❕🙁❗
4,storis no
5,juda zoʻr ammo ochmayabdi
5,tez o'rnatish
5,"Assalomu alaykum Teligiram da kod kelmasa 8123 qisqa raqamiga tering, eslatib oʻtaman Telifoningizdagi sim karta Ucell boʻlishi kerak . shunda operatorlar siz bilan bogʻlanadi ."
5,kod kelmadi
5,Zoʻr
5,зур
5,yahshi
5,zor
5,kod kelishi oson
5,yaxshi
5,zor
5,gap yo zòr
1,kod kemayapdi umuman
5,zor
5,Zor gap yo shu tlgramga hozirgi kunda kod kelyabdi
5,zor ekan
2,"insofila bormi nme hamma narsani premium qibtashagansila endi 1 haftada 1ta istoriya qoyish mumkun qib qo'yibsila, pulga shunchali o'chmisila"
5,👌👍
2,Zo‘r
1,bu ilova zoʻr
5,zor
5,meni oyligim oylik botda kùrinmayapti shu k k edi
5,Telegramda koʻp bora urinishlar deb yozyabti manga juda zarur edi boshqacha telegram ilovalari orqali ham kirplmayabman
5,hamisha zor
2,nega bishqa odamni telegrami ochilyapti
5,telegram ulanmoqda yangilanmoqda boʻp qolyapti qana qib ishlatsa boʻladi
5,qulayligi
5,yaxwi pragramma
4,parol telefon raqamga kelitsin gmailga emas
5,judayam yoqdi ofarin 👍🏻👏🏻👏🏻👏🏻
2,Ajoib
5,Zo'r gap yo'q
5,zo‘r
5,yaxshi
3,yahshi
5,juda zo‘r
5,zor
5,allo
5,gap yo zor ekan👍👍
5,zór
5,Zur♥️❤️♥️
5,juda zoʻr
5,zoʻr
5,👍
5,juda ham zur
1,Bu tgni vazifasi nimadi kuproq hikoya joylasa boʻladimi🤔🤔🤔🤔
1,Men yangi raqam olgandim ammo unda oldin telegram akkaunt ochilgan ekan . Oldin akkaunt ochgan inson meni kirishimni blokladi raqamimga qayta kira olmayapman. Bu yaxshimas
5,Bu ilova juda qulay hamda foydali
3,hello my topic is copyright infringement address @aqlv_bot please delete this channel nothing left please
5,gooooood
5,zor
5,nimaga yaxshi ishlamayapti
5,yaxshi
1,trash real trash 1 yilik premuim bor akk ozidan ozi ochib ketti ex avval yaxshi edi hozrcesa trasshhhhh trash tg trash
3,Boʼladi yaxshi
5,Bu ilovani oldin ham tortganman lekin hozir ochaman desam email so‘rayabdi nima qilish kere
5,zor
5,"Telegram yaxsh ilova, agar yaxsh yoʻlda foydalansangiz"
